assemblea,codice,tipo,tipo_riga,cand_descr_riga,img_lista,descr_lista,link_cand_lista,voti,perc,eletto,perc_voti_liste,cifra_el,perc_cifra_el,seggi
Senato,01000000000,circoscrizione,CU,CANDIDATI UNINOMINALI,,,,930918,"40,97",,,930918,"40,97",7
Senato,01000000000,circoscrizione,LI,,25-20180304000000-11367-0.png,LEGA,,513676,"22,60",,,513676,"22,60",3
Senato,01000000000,circoscrizione,LI,,25-20180304000000-1112-0.png,FORZA ITALIA,,317688,"13,98",,,317688,"13,98",2
Senato,01000000000,circoscrizione,LI,,25-20180304000000-11434-0.png,FRATELLI D'ITALIA CON GIORGIA MELONI,,84616,"3,72",,,84616,"3,72",1
Senato,01000000000,circoscrizione,LI,,25-20180304000000-11402-0.png,NOI CON L'ITALIA - UDC,,14938,"0,65",,,14938,"0,65",-
Senato,01000000000,circoscrizione,TS,TOTALE SEGGI,,,,,,,,,,13
Senato,01000000000,circoscrizione,XX,,,,,,,,,,,
Senato,01000000000,circoscrizione,CU,CANDIDATI UNINOMINALI,,,,596438,"26,25",,,596438,"26,25",-
Senato,01000000000,circoscrizione,LI,,25-20180304000000-11366-0.png,MOVIMENTO 5 STELLE,,596438,"26,25",,,596438,"26,25",4
Senato,01000000000,circoscrizione,TS,TOTALE SEGGI,,,,,,,,,,4
Senato,01000000000,circoscrizione,XX,,,,,,,,,,,
Senato,01000000000,circoscrizione,CU,CANDIDATI UNINOMINALI,,,,577046,"25,39",,,577046,"25,39",1
Senato,01000000000,circoscrizione,LI,,25-20180304000000-3456-0.png,PARTITO DEMOCRATICO,,474826,"20,89",,,474826,"20,89",4
Senato,01000000000,circoscrizione,LI,,25-20180304000000-11403-0.png,+EUROPA,,84673,"3,72",,,84673,"3,72",-
Senato,01000000000,circoscrizione,LI,,25-20180304000000-11412-0.png,CIVICA POPOLARE LORENZIN,,9213,"0,40",,,9213,"0,40",-
Senato,01000000000,circoscrizione,LI,,25-20180304000000-11373-0.png,ITALIA EUROPA INSIEME,,8334,"0,36",,,8334,"0,36",-
Senato,01000000000,circoscrizione,TS,TOTALE SEGGI,,,,,,,,,,5
Senato,01000000000,circoscrizione,XX,,,,,,,,,,,
Senato,01000000000,circoscrizione,CU,CANDIDATI UNINOMINALI,,,,83958,"3,69",,,83958,"3,69",-
Senato,01000000000,circoscrizione,LI,,25-20180304000000-11393-0.png,LIBERI E UGUALI,,83958,"3,69",,,83958,"3,69",-
Senato,01000000000,circoscrizione,XX,,,,,,,,,,,
Senato,01000000000,circoscrizione,CU,CANDIDATI UNINOMINALI,,,,23247,"1,02",,,23247,"1,02",-
Senato,01000000000,circoscrizione,LI,,25-20180304000000-11372-0.png,POTERE AL POPOLO!,,23247,"1,02",,,23247,"1,02",-
Senato,01000000000,circoscrizione,XX,,,,,,,,,,,
Senato,01000000000,circoscrizione,CU,CANDIDATI UNINOMINALI,,,,21082,"0,92",,,21082,"0,92",-
Senato,01000000000,circoscrizione,LI,,25-20180304000000-11003-0.png,CASAPOUND ITALIA,,21082,"0,92",,,21082,"0,92",-
Senato,01000000000,circoscrizione,XX,,,,,,,,,,,
Senato,01000000000,circoscrizione,CU,CANDIDATI UNINOMINALI,,,,14812,"0,65",,,14812,"0,65",-
Senato,01000000000,circoscrizione,LI,,25-20180304000000-11277-0.png,IL POPOLO DELLA FAMIGLIA,,14812,"0,65",,,14812,"0,65",-
Senato,01000000000,circoscrizione,XX,,,,,,,,,,,
Senato,01000000000,circoscrizione,CU,CANDIDATI UNINOMINALI,,,,10601,"0,46",,,10601,"0,46",-
Senato,01000000000,circoscrizione,LI,,25-20180304000000-11388-0.png,ITALIA AGLI ITALIANI,,10601,"0,46",,,10601,"0,46",-
Senato,01000000000,circoscrizione,XX,,,,,,,,,,,
Senato,01000000000,circoscrizione,CU,CANDIDATI UNINOMINALI,,,,7259,"0,31",,,7259,"0,31",-
Senato,01000000000,circoscrizione,LI,,25-20180304000000-11381-0.png,PARTITO VALORE UMANO,,7259,"0,31",,,7259,"0,31",-
Senato,01000000000,circoscrizione,XX,,,,,,,,,,,
Senato,01000000000,circoscrizione,CU,CANDIDATI UNINOMINALI,,,,4881,"0,21",,,4881,"0,21",-
Senato,01000000000,circoscrizione,LI,,25-20180304000000-11371-0.png,GRANDE NORD,,4881,"0,21",,,4881,"0,21",-
Senato,01000000000,circoscrizione,XX,,,,,,,,,,,
Senato,01000000000,circoscrizione,CU,CANDIDATI UNINOMINALI,,,,1772,"0,07",,,1772,"0,07",-
Senato,01000000000,circoscrizione,LI,,25-20180304000000-11418-0.png,PARTITO REPUBBLICANO ITALIANO - ALA,,1772,"0,07",,,1772,"0,07",-
Senato,01000000000,circoscrizione,XX,,,,,,,,,,,
Senato,01000000000,circoscrizione,TU,Uninominale,,,,2272014,"100,00",,,2272014,"100,00",22
Senato,01000000000,circoscrizione,TP,Proporzionale,,,,2272014,"100,00",,,2272014,"100,00",22
Senato,03000000000,circoscrizione,CU,CANDIDATI UNINOMINALI,,,,2450406,"47,22",,,2450406,"47,22",17
Senato,03000000000,circoscrizione,LI,,25-20180304000000-11367-0.png,LEGA,,1454711,"28,03",,,1454711,"28,03",9
Senato,03000000000,circoscrizione,LI,,25-20180304000000-1112-0.png,FORZA ITALIA,,729830,"14,06",,,729830,"14,06",5
Senato,03000000000,circoscrizione,LI,,25-20180304000000-11434-0.png,FRATELLI D'ITALIA CON GIORGIA MELONI,,215557,"4,15",,,215557,"4,15",1
Senato,03000000000,circoscrizione,LI,,25-20180304000000-11402-0.png,NOI CON L'ITALIA - UDC,,50308,"0,96",,,50308,"0,96",-
Senato,03000000000,circoscrizione,TS,TOTALE SEGGI,,,,,,,,,,32
Senato,03000000000,circoscrizione,XX,,,,,,,,,,,
Senato,03000000000,circoscrizione,CU,CANDIDATI UNINOMINALI,,,,1310715,"25,26",,,1310715,"25,26",1
Senato,03000000000,circoscrizione,LI,,25-20180304000000-3456-0.png,PARTITO DEMOCRATICO,,1102078,"21,24",,,1102078,"21,24",8
Senato,03000000000,circoscrizione,LI,,25-20180304000000-11403-0.png,+EUROPA,,162355,"3,12",,,162355,"3,12",-
Senato,03000000000,circoscrizione,LI,,25-20180304000000-11373-0.png,ITALIA EUROPA INSIEME,,25630,"0,49",,,25630,"0,49",-
Senato,03000000000,circoscrizione,LI,,25-20180304000000-11412-0.png,CIVICA POPOLARE LORENZIN,,20652,"0,39",,,20652,"0,39",-
Senato,03000000000,circoscrizione,TS,TOTALE SEGGI,,,,,,,,,,9
Senato,03000000000,circoscrizione,XX,,,,,,,,,,,
Senato,03000000000,circoscrizione,CU,CANDIDATI UNINOMINALI,,,,1108039,"21,35",,,1108039,"21,35",-
Senato,03000000000,circoscrizione,LI,,25-20180304000000-11366-0.png,MOVIMENTO 5 STELLE,,1108039,"21,35",,,1108039,"21,35",7
Senato,03000000000,circoscrizione,TS,TOTALE SEGGI,,,,,,,,,,7
Senato,03000000000,circoscrizione,XX,,,,,,,,,,,
Senato,03000000000,circoscrizione,CU,CANDIDATI UNINOMINALI,,,,146337,"2,82",,,146337,"2,82",-
Senato,03000000000,circoscrizione,LI,,25-20180304000000-11393-0.png,LIBERI E UGUALI,,146337,"2,82",,,146337,"2,82",1
Senato,03000000000,circoscrizione,TS,TOTALE SEGGI,,,,,,,,,,1
Senato,03000000000,circoscrizione,XX,,,,,,,,,,,
Senato,03000000000,circoscrizione,CU,CANDIDATI UNINOMINALI,,,,48931,"0,94",,,48931,"0,94",-
Senato,03000000000,circoscrizione,LI,,25-20180304000000-11003-0.png,CASAPOUND ITALIA,,48931,"0,94",,,48931,"0,94",-
Senato,03000000000,circoscrizione,XX,,,,,,,,,,,
Senato,03000000000,circoscrizione,CU,CANDIDATI UNINOMINALI,,,,42374,"0,81",,,42374,"0,81",-
Senato,03000000000,circoscrizione,LI,,25-20180304000000-11372-0.png,POTERE AL POPOLO!,,42374,"0,81",,,42374,"0,81",-
Senato,03000000000,circoscrizione,XX,,,,,,,,,,,
Senato,03000000000,circoscrizione,CU,CANDIDATI UNINOMINALI,,,,34351,"0,66",,,34351,"0,66",-
Senato,03000000000,circoscrizione,LI,,25-20180304000000-11277-0.png,IL POPOLO DELLA FAMIGLIA,,34351,"0,66",,,34351,"0,66",-
Senato,03000000000,circoscrizione,XX,,,,,,,,,,,
Senato,03000000000,circoscrizione,CU,CANDIDATI UNINOMINALI,,,,33902,"0,65",,,33902,"0,65",-
Senato,03000000000,circoscrizione,LI,,25-20180304000000-11388-0.png,ITALIA AGLI ITALIANI,,33902,"0,65",,,33902,"0,65",-
Senato,03000000000,circoscrizione,XX,,,,,,,,,,,
Senato,03000000000,circoscrizione,CU,CANDIDATI UNINOMINALI,,,,9231,"0,17",,,9231,"0,17",-
Senato,03000000000,circoscrizione,LI,,25-20180304000000-11377-0.png,PER UNA SINISTRA RIVOLUZIONARIA,,9231,"0,17",,,9231,"0,17",-
Senato,03000000000,circoscrizione,XX,,,,,,,,,,,
Senato,03000000000,circoscrizione,CU,CANDIDATI UNINOMINALI,,,,4234,"0,08",,,4234,"0,08",-
Senato,03000000000,circoscrizione,LI,,25-20180304000000-11418-0.png,PARTITO REPUBBLICANO ITALIANO - ALA,,4234,"0,08",,,4234,"0,08",-
Senato,03000000000,circoscrizione,XX,,,,,,,,,,,
Senato,03000000000,circoscrizione,TU,Uninominale,,,,5188520,"100,00",,,5188520,"100,00",49
Senato,03000000000,circoscrizione,TP,Proporzionale,,,,5188520,"100,00",,,5188520,"100,00",49
Senato,04000000000,circoscrizione,CU,CANDIDATI UNINOMINALI,,,,226766,"44,35",,,226766,"44,35",3
Senato,04000000000,circoscrizione,LI,,25-20180304000000-11384-0.png,SVP - PATT,,128282,"25,09",,,128282,"25,09",1
Senato,04000000000,circoscrizione,LI,,25-20180304000000-3456-0.png,PARTITO DEMOCRATICO,,75001,"14,66",,,75001,"14,66",-
Senato,04000000000,circoscrizione,LI,,25-20180304000000-11403-0.png,+EUROPA,,12023,"2,35",,,12023,"2,35",-
Senato,04000000000,circoscrizione,LI,,25-20180304000000-11412-0.png,CIVICA POPOLARE LORENZIN,,7222,"1,41",,,7222,"1,41",-
Senato,04000000000,circoscrizione,LI,,25-20180304000000-11373-A.png,ITALIA EUROPA INSIEME,,4238,"0,82",,,4238,"0,82",-
Senato,04000000000,circoscrizione,TS,TOTALE SEGGI,,,,,,,,,,4
Senato,04000000000,circoscrizione,XX,,,,,,,,,,,
Senato,04000000000,circoscrizione,CU,CANDIDATI UNINOMINALI,,,,151213,"29,57",,,151213,"29,57",3
Senato,04000000000,circoscrizione,LI,,25-20180304000000-11367-0.png,LEGA,,98122,"19,19",,,98122,"19,19",-
Senato,04000000000,circoscrizione,LI,,25-20180304000000-1112-0.png,FORZA ITALIA,,36662,"7,17",,,36662,"7,17",-
Senato,04000000000,circoscrizione,LI,,25-20180304000000-11434-0.png,FRATELLI D'ITALIA CON GIORGIA MELONI,,13612,"2,66",,,13612,"2,66",-
Senato,04000000000,circoscrizione,LI,,25-20180304000000-11402-0.png,NOI CON L'ITALIA - UDC,,2817,"0,55",,,2817,"0,55",-
Senato,04000000000,circoscrizione,XX,,,,,,,,,,,
Senato,04000000000,circoscrizione,CU,CANDIDATI UNINOMINALI,,,,98599,"19,28",,,98599,"19,28",-
Senato,04000000000,circoscrizione,LI,,25-20180304000000-11366-0.png,MOVIMENTO 5 STELLE,,98599,"19,28",,,98599,"19,28",-
Senato,04000000000,circoscrizione,XX,,,,,,,,,,,
Senato,04000000000,circoscrizione,CU,CANDIDATI UNINOMINALI,,,,18666,"3,65",,,18666,"3,65",-
Senato,04000000000,circoscrizione,LI,,25-20180304000000-11393-A.png,LIBERI E UGUALI,,18666,"3,65",,,18666,"3,65",-
Senato,04000000000,circoscrizione,XX,,,,,,,,,,,
Senato,04000000000,circoscrizione,CU,CANDIDATI UNINOMINALI,,,,5953,"1,16",,,5953,"1,16",-
Senato,04000000000,circoscrizione,LI,,25-20180304000000-11003-0.png,CASAPOUND ITALIA,,5953,"1,16",,,5953,"1,16",-
Senato,04000000000,circoscrizione,XX,,,,,,,,,,,
Senato,04000000000,circoscrizione,CU,CANDIDATI UNINOMINALI,,,,5266,"1,02",,,5266,"1,02",-
Senato,04000000000,circoscrizione,LI,,25-20180304000000-11372-0.png,POTERE AL POPOLO!,,5266,"1,02",,,5266,"1,02",-
Senato,04000000000,circoscrizione,XX,,,,,,,,,,,
Senato,04000000000,circoscrizione,CU,CANDIDATI UNINOMINALI,,,,4808,"0,94",,,4808,"0,94",-
Senato,04000000000,circoscrizione,LI,,25-20180304000000-11277-0.png,IL POPOLO DELLA FAMIGLIA,,4808,"0,94",,,4808,"0,94",-
Senato,04000000000,circoscrizione,XX,,,,,,,,,,,
Senato,04000000000,circoscrizione,TU,Uninominale,,,,511271,"100,00",,,511271,"100,00",7
Senato,04000000000,circoscrizione,TP,Proporzionale,,,,511271,"100,00",,,511271,"100,00",7
Senato,05000000000,circoscrizione,CU,CANDIDATI UNINOMINALI,,,,1272555,"48,17",,,1272555,"48,17",9
Senato,05000000000,circoscrizione,LI,,25-20180304000000-11367-0.png,LEGA,,839586,"31,78",,,839586,"31,78",5
Senato,05000000000,circoscrizione,LI,,25-20180304000000-1112-0.png,FORZA ITALIA,,286906,"10,86",,,286906,"10,86",2
Senato,05000000000,circoscrizione,LI,,25-20180304000000-11434-0.png,FRATELLI D'ITALIA CON GIORGIA MELONI,,113108,"4,28",,,113108,"4,28",1
Senato,05000000000,circoscrizione,LI,,25-20180304000000-11402-0.png,NOI CON L'ITALIA - UDC,,32955,"1,24",,,32955,"1,24",-
Senato,05000000000,circoscrizione,TS,TOTALE SEGGI,,,,,,,,,,17
Senato,05000000000,circoscrizione,XX,,,,,,,,,,,
Senato,05000000000,circoscrizione,CU,CANDIDATI UNINOMINALI,,,,647960,"24,53",,,647960,"24,53",-
Senato,05000000000,circoscrizione,LI,,25-20180304000000-11366-0.png,MOVIMENTO 5 STELLE,,647960,"24,53",,,647960,"24,53",4
Senato,05000000000,circoscrizione,TS,TOTALE SEGGI,,,,,,,,,,4
Senato,05000000000,circoscrizione,XX,,,,,,,,,,,
Senato,05000000000,circoscrizione,CU,CANDIDATI UNINOMINALI,,,,539398,"20,42",,,539398,"20,42",-
Senato,05000000000,circoscrizione,LI,,25-20180304000000-3456-0.png,PARTITO DEMOCRATICO,,450230,"17,04",,,450230,"17,04",3
Senato,05000000000,circoscrizione,LI,,25-20180304000000-11403-0.png,+EUROPA,,66970,"2,53",,,66970,"2,53",-
Senato,05000000000,circoscrizione,LI,,25-20180304000000-11373-0.png,ITALIA EUROPA INSIEME,,12709,"0,48",,,12709,"0,48",-
Senato,05000000000,circoscrizione,LI,,25-20180304000000-11412-0.png,CIVICA POPOLARE LORENZIN,,9489,"0,35",,,9489,"0,35",-
Senato,05000000000,circoscrizione,TS,TOTALE SEGGI,,,,,,,,,,3
Senato,05000000000,circoscrizione,XX,,,,,,,,,,,
Senato,05000000000,circoscrizione,CU,CANDIDATI UNINOMINALI,,,,66813,"2,52",,,66813,"2,52",-
Senato,05000000000,circoscrizione,LI,,25-20180304000000-11393-0.png,LIBERI E UGUALI,,66813,"2,52",,,66813,"2,52",-
Senato,05000000000,circoscrizione,XX,,,,,,,,,,,
Senato,05000000000,circoscrizione,CU,CANDIDATI UNINOMINALI,,,,28593,"1,08",,,28593,"1,08",-
Senato,05000000000,circoscrizione,LI,,25-20180304000000-11277-0.png,IL POPOLO DELLA FAMIGLIA,,28593,"1,08",,,28593,"1,08",-
Senato,05000000000,circoscrizione,XX,,,,,,,,,,,
Senato,05000000000,circoscrizione,CU,CANDIDATI UNINOMINALI,,,,22619,"0,85",,,22619,"0,85",-
Senato,05000000000,circoscrizione,LI,,25-20180304000000-11003-0.png,CASAPOUND ITALIA,,22619,"0,85",,,22619,"0,85",-
Senato,05000000000,circoscrizione,XX,,,,,,,,,,,
Senato,05000000000,circoscrizione,CU,CANDIDATI UNINOMINALI,,,,20144,"0,76",,,20144,"0,76",-
Senato,05000000000,circoscrizione,LI,,25-20180304000000-11388-0.png,ITALIA AGLI ITALIANI,,20144,"0,76",,,20144,"0,76",-
Senato,05000000000,circoscrizione,XX,,,,,,,,,,,
Senato,05000000000,circoscrizione,CU,CANDIDATI UNINOMINALI,,,,15354,"0,58",,,15354,"0,58",-
Senato,05000000000,circoscrizione,LI,,25-20180304000000-11372-0.png,POTERE AL POPOLO!,,15354,"0,58",,,15354,"0,58",-
Senato,05000000000,circoscrizione,XX,,,,,,,,,,,
Senato,05000000000,circoscrizione,CU,CANDIDATI UNINOMINALI,,,,12626,"0,47",,,12626,"0,47",-
Senato,05000000000,circoscrizione,LI,,25-20180304000000-11371-0.png,GRANDE NORD,,12626,"0,47",,,12626,"0,47",-
Senato,05000000000,circoscrizione,XX,,,,,,,,,,,
Senato,05000000000,circoscrizione,CU,CANDIDATI UNINOMINALI,,,,9336,"0,35",,,9336,"0,35",-
Senato,05000000000,circoscrizione,LI,,25-20180304000000-11381-0.png,PARTITO VALORE UMANO,,9336,"0,35",,,9336,"0,35",-
Senato,05000000000,circoscrizione,XX,,,,,,,,,,,
Senato,05000000000,circoscrizione,CU,CANDIDATI UNINOMINALI,,,,3676,"0,13",,,3676,"0,13",-
Senato,05000000000,circoscrizione,LI,,25-20180304000000-11377-0.png,PER UNA SINISTRA RIVOLUZIONARIA,,3676,"0,13",,,3676,"0,13",-
Senato,05000000000,circoscrizione,XX,,,,,,,,,,,
Senato,05000000000,circoscrizione,CU,CANDIDATI UNINOMINALI,,,,2389,"0,09",,,2389,"0,09",-
Senato,05000000000,circoscrizione,LI,,25-20180304000000-11418-0.png,PARTITO REPUBBLICANO ITALIANO - ALA,,2389,"0,09",,,2389,"0,09",-
Senato,05000000000,circoscrizione,XX,,,,,,,,,,,
Senato,05000000000,circoscrizione,TU,Uninominale,,,,2641463,"100,00",,,2641463,"100,00",24
Senato,05000000000,circoscrizione,TP,Proporzionale,,,,2641463,"100,00",,,2641463,"100,00",24
Senato,06000000000,circoscrizione,CU,CANDIDATI UNINOMINALI,,,,281642,"43,75",,,281642,"43,75",2
Senato,06000000000,circoscrizione,LI,,25-20180304000000-11367-0.png,LEGA,,164105,"25,48",,,164105,"25,48",2
Senato,06000000000,circoscrizione,LI,,25-20180304000000-1112-0.png,FORZA ITALIA,,76114,"11,82",,,76114,"11,82",1
Senato,06000000000,circoscrizione,LI,,25-20180304000000-11434-0.png,FRATELLI D'ITALIA CON GIORGIA MELONI,,35032,"5,44",,,35032,"5,44",-
Senato,06000000000,circoscrizione,LI,,25-20180304000000-11402-0.png,NOI CON L'ITALIA - UDC,,6391,"0,99",,,6391,"0,99",-
Senato,06000000000,circoscrizione,TS,TOTALE SEGGI,,,,,,,,,,5
Senato,06000000000,circoscrizione,XX,,,,,,,,,,,
Senato,06000000000,circoscrizione,CU,CANDIDATI UNINOMINALI,,,,156251,"24,27",,,156251,"24,27",-
Senato,06000000000,circoscrizione,LI,,25-20180304000000-11366-0.png,MOVIMENTO 5 STELLE,,156251,"24,26",,,156251,"24,26",1
Senato,06000000000,circoscrizione,TS,TOTALE SEGGI,,,,,,,,,,1
Senato,06000000000,circoscrizione,XX,,,,,,,,,,,
Senato,06000000000,circoscrizione,CU,CANDIDATI UNINOMINALI,,,,153942,"23,91",,,153942,"23,91",-
Senato,06000000000,circoscrizione,LI,,25-20180304000000-3456-0.png,PARTITO DEMOCRATICO,,128713,"19,99",,,128713,"19,99",1
Senato,06000000000,circoscrizione,LI,,25-20180304000000-11403-0.png,+EUROPA,,19814,"3,07",,,19814,"3,07",-
Senato,06000000000,circoscrizione,LI,,25-20180304000000-11373-B.png,ITALIA EUROPA INSIEME,,2942,"0,45",,,2942,"0,45",-
Senato,06000000000,circoscrizione,LI,,25-20180304000000-11412-0.png,CIVICA POPOLARE LORENZIN,,2473,"0,38",,,2473,"0,38",-
Senato,06000000000,circoscrizione,TS,TOTALE SEGGI,,,,,,,,,,1
Senato,06000000000,circoscrizione,XX,,,,,,,,,,,
Senato,06000000000,circoscrizione,CU,CANDIDATI UNINOMINALI,,,,18815,"2,92",,,18815,"2,92",-
Senato,06000000000,circoscrizione,LI,,25-20180304000000-11393-0.png,LIBERI E UGUALI,,18815,"2,92",,,18815,"2,92",-
Senato,06000000000,circoscrizione,XX,,,,,,,,,,,
Senato,06000000000,circoscrizione,CU,CANDIDATI UNINOMINALI,,,,7810,"1,21",,,7810,"1,21",-
Senato,06000000000,circoscrizione,LI,,25-20180304000000-11003-0.png,CASAPOUND ITALIA,,7810,"1,21",,,7810,"1,21",-
Senato,06000000000,circoscrizione,XX,,,,,,,,,,,
Senato,06000000000,circoscrizione,CU,CANDIDATI UNINOMINALI,,,,5117,"0,79",,,5117,"0,79",-
Senato,06000000000,circoscrizione,LI,,25-20180304000000-11372-0.png,POTERE AL POPOLO!,,5117,"0,79",,,5117,"0,79",-
Senato,06000000000,circoscrizione,XX,,,,,,,,,,,
Senato,06000000000,circoscrizione,CU,CANDIDATI UNINOMINALI,,,,5015,"0,77",,,5015,"0,77",-
Senato,06000000000,circoscrizione,LI,,25-20180304000000-11392-0.png,PATTO PER L'AUTONOMIA,,5015,"0,77",,,5015,"0,77",-
Senato,06000000000,circoscrizione,XX,,,,,,,,,,,
Senato,06000000000,circoscrizione,CU,CANDIDATI UNINOMINALI,,,,4941,"0,76",,,4941,"0,76",-
Senato,06000000000,circoscrizione,LI,,25-20180304000000-11277-0.png,IL POPOLO DELLA FAMIGLIA,,4941,"0,76",,,4941,"0,76",-
Senato,06000000000,circoscrizione,XX,,,,,,,,,,,
Senato,06000000000,circoscrizione,CU,CANDIDATI UNINOMINALI,,,,3290,"0,51",,,3290,"0,51",-
Senato,06000000000,circoscrizione,LI,,25-20180304000000-11388-0.png,ITALIA AGLI ITALIANI,,3290,"0,51",,,3290,"0,51",-
Senato,06000000000,circoscrizione,XX,,,,,,,,,,,
Senato,06000000000,circoscrizione,CU,CANDIDATI UNINOMINALI,,,,2440,"0,37",,,2440,"0,37",-
Senato,06000000000,circoscrizione,LI,,25-20180304000000-11381-0.png,PARTITO VALORE UMANO,,2440,"0,37",,,2440,"0,37",-
Senato,06000000000,circoscrizione,XX,,,,,,,,,,,
Senato,06000000000,circoscrizione,CU,CANDIDATI UNINOMINALI,,,,1637,"0,25",,,1637,"0,25",-
Senato,06000000000,circoscrizione,LI,,25-20180304000000-11377-0.png,PER UNA SINISTRA RIVOLUZIONARIA,,1637,"0,25",,,1637,"0,25",-
Senato,06000000000,circoscrizione,XX,,,,,,,,,,,
Senato,06000000000,circoscrizione,CU,CANDIDATI UNINOMINALI,,,,1402,"0,21",,,1402,"0,21",-
Senato,06000000000,circoscrizione,LI,,25-20180304000000-11369-0.png,SIAMO,,1402,"0,21",,,1402,"0,21",-
Senato,06000000000,circoscrizione,XX,,,,,,,,,,,
Senato,06000000000,circoscrizione,CU,CANDIDATI UNINOMINALI,,,,1023,"0,15",,,1023,"0,15",-
Senato,06000000000,circoscrizione,LI,,25-20180304000000-11400-0.png,LISTA DEL POPOLO PER LA COSTITUZIONE,,1023,"0,15",,,1023,"0,15",-
Senato,06000000000,circoscrizione,XX,,,,,,,,,,,
Senato,06000000000,circoscrizione,CU,CANDIDATI UNINOMINALI,,,,354,"0,05",,,354,"0,05",-
Senato,06000000000,circoscrizione,LI,,25-20180304000000-11398-0.png,RINASCIMENTO MIR,,552,"0,08",,,552,"0,08",-
Senato,06000000000,circoscrizione,XX,,,,,,,,,,,
Senato,06000000000,circoscrizione,TU,Uninominale,,,,643679,"100,00",,,643679,"100,00",7
Senato,06000000000,circoscrizione,TP,Proporzionale,,,,643877,"100,00",,,643877,"100,00",7
Senato,07000000000,circoscrizione,CU,CANDIDATI UNINOMINALI,,,,302802,"37,69",,,302802,"37,69",2
Senato,07000000000,circoscrizione,LI,,25-20180304000000-11367-0.png,LEGA,,164831,"20,52",,,164831,"20,52",1
Senato,07000000000,circoscrizione,LI,,25-20180304000000-1112-0.png,FORZA ITALIA,,101949,"12,69",,,101949,"12,69",1
Senato,07000000000,circoscrizione,LI,,25-20180304000000-11434-0.png,FRATELLI D'ITALIA CON GIORGIA MELONI,,29100,"3,62",,,29100,"3,62",-
Senato,07000000000,circoscrizione,LI,,25-20180304000000-11402-0.png,NOI CON L'ITALIA - UDC,,6922,"0,86",,,6922,"0,86",-
Senato,07000000000,circoscrizione,TS,TOTALE SEGGI,,,,,,,,,,4
Senato,07000000000,circoscrizione,XX,,,,,,,,,,,
Senato,07000000000,circoscrizione,CU,CANDIDATI UNINOMINALI,,,,237964,"29,62",,,237964,"29,62",1
Senato,07000000000,circoscrizione,LI,,25-20180304000000-11366-0.png,MOVIMENTO 5 STELLE,,237964,"29,62",,,237964,"29,62",2
Senato,07000000000,circoscrizione,TS,TOTALE SEGGI,,,,,,,,,,3
Senato,07000000000,circoscrizione,XX,,,,,,,,,,,
Senato,07000000000,circoscrizione,CU,CANDIDATI UNINOMINALI,,,,197355,"24,57",,,197355,"24,57",-
Senato,07000000000,circoscrizione,LI,,25-20180304000000-3456-0.png,PARTITO DEMOCRATICO,,164211,"20,44",,,164211,"20,44",1
Senato,07000000000,circoscrizione,LI,,25-20180304000000-11403-0.png,+EUROPA,,25743,"3,20",,,25743,"3,20",-
Senato,07000000000,circoscrizione,LI,,25-20180304000000-11373-0.png,ITALIA EUROPA INSIEME,,4559,"0,56",,,4559,"0,56",-
Senato,07000000000,circoscrizione,LI,,25-20180304000000-11412-0.png,CIVICA POPOLARE LORENZIN,,2842,"0,35",,,2842,"0,35",-
Senato,07000000000,circoscrizione,TS,TOTALE SEGGI,,,,,,,,,,1
Senato,07000000000,circoscrizione,XX,,,,,,,,,,,
Senato,07000000000,circoscrizione,CU,CANDIDATI UNINOMINALI,,,,33354,"4,15",,,33354,"4,15",-
Senato,07000000000,circoscrizione,LI,,25-20180304000000-11393-0.png,LIBERI E UGUALI,,33354,"4,15",,,33354,"4,15",-
Senato,07000000000,circoscrizione,XX,,,,,,,,,,,
Senato,07000000000,circoscrizione,CU,CANDIDATI UNINOMINALI,,,,10487,"1,30",,,10487,"1,30",-
Senato,07000000000,circoscrizione,LI,,25-20180304000000-11372-0.png,POTERE AL POPOLO!,,10487,"1,30",,,10487,"1,30",-
Senato,07000000000,circoscrizione,XX,,,,,,,,,,,
Senato,07000000000,circoscrizione,CU,CANDIDATI UNINOMINALI,,,,7377,"0,91",,,7377,"0,91",-
Senato,07000000000,circoscrizione,LI,,25-20180304000000-11003-0.png,CASAPOUND ITALIA,,7377,"0,91",,,7377,"0,91",-
Senato,07000000000,circoscrizione,XX,,,,,,,,,,,
Senato,07000000000,circoscrizione,CU,CANDIDATI UNINOMINALI,,,,5655,"0,70",,,5655,"0,70",-
Senato,07000000000,circoscrizione,LI,,25-20180304000000-11023-0.png,PARTITO COMUNISTA,,5655,"0,70",,,5655,"0,70",-
Senato,07000000000,circoscrizione,XX,,,,,,,,,,,
Senato,07000000000,circoscrizione,CU,CANDIDATI UNINOMINALI,,,,4122,"0,51",,,4122,"0,51",-
Senato,07000000000,circoscrizione,LI,,25-20180304000000-11277-0.png,IL POPOLO DELLA FAMIGLIA,,4122,"0,51",,,4122,"0,51",-
Senato,07000000000,circoscrizione,XX,,,,,,,,,,,
Senato,07000000000,circoscrizione,CU,CANDIDATI UNINOMINALI,,,,2041,"0,25",,,2041,"0,25",-
Senato,07000000000,circoscrizione,LI,,25-20180304000000-11381-0.png,PARTITO VALORE UMANO,,2041,"0,25",,,2041,"0,25",-
Senato,07000000000,circoscrizione,XX,,,,,,,,,,,
Senato,07000000000,circoscrizione,CU,CANDIDATI UNINOMINALI,,,,1335,"0,16",,,1335,"0,16",-
Senato,07000000000,circoscrizione,LI,,25-20180304000000-11377-0.png,PER UNA SINISTRA RIVOLUZIONARIA,,1335,"0,16",,,1335,"0,16",-
Senato,07000000000,circoscrizione,XX,,,,,,,,,,,
Senato,07000000000,circoscrizione,CU,CANDIDATI UNINOMINALI,,,,709,"0,08",,,709,"0,08",-
Senato,07000000000,circoscrizione,LI,,25-20180304000000-11418-0.png,PARTITO REPUBBLICANO ITALIANO - ALA,,709,"0,08",,,709,"0,08",-
Senato,07000000000,circoscrizione,XX,,,,,,,,,,,
Senato,07000000000,circoscrizione,TU,Uninominale,,,,803201,"100,00",,,803201,"100,00",8
Senato,07000000000,circoscrizione,TP,Proporzionale,,,,803201,"100,00",,,803201,"100,00",8
Senato,08000000000,circoscrizione,CU,CANDIDATI UNINOMINALI,,,,787698,"33,36",,,787698,"33,36",4
Senato,08000000000,circoscrizione,LI,,25-20180304000000-11367-0.png,LEGA,,456577,"19,34",,,456577,"19,34",3
Senato,08000000000,circoscrizione,LI,,25-20180304000000-1112-0.png,FORZA ITALIA,,239068,"10,12",,,239068,"10,12",2
Senato,08000000000,circoscrizione,LI,,25-20180304000000-11434-0.png,FRATELLI D'ITALIA CON GIORGIA MELONI,,78523,"3,32",,,78523,"3,32",-
Senato,08000000000,circoscrizione,LI,,25-20180304000000-11402-0.png,NOI CON L'ITALIA - UDC,,13530,"0,57",,,13530,"0,57",-
Senato,08000000000,circoscrizione,TS,TOTALE SEGGI,,,,,,,,,,9
Senato,08000000000,circoscrizione,XX,,,,,,,,,,,
Senato,08000000000,circoscrizione,CU,CANDIDATI UNINOMINALI,,,,719894,"30,49",,,719894,"30,49",4
Senato,08000000000,circoscrizione,LI,,25-20180304000000-3456-0.png,PARTITO DEMOCRATICO,,621521,"26,32",,,621521,"26,32",4
Senato,08000000000,circoscrizione,LI,,25-20180304000000-11403-0.png,+EUROPA,,67795,"2,87",,,67795,"2,87",-
Senato,08000000000,circoscrizione,LI,,25-20180304000000-11373-0.png,ITALIA EUROPA INSIEME,,17807,"0,75",,,17807,"0,75",-
Senato,08000000000,circoscrizione,LI,,25-20180304000000-11412-0.png,CIVICA POPOLARE LORENZIN,,12771,"0,54",,,12771,"0,54",-
Senato,08000000000,circoscrizione,TS,TOTALE SEGGI,,,,,,,,,,8
Senato,08000000000,circoscrizione,XX,,,,,,,,,,,
Senato,08000000000,circoscrizione,CU,CANDIDATI UNINOMINALI,,,,636166,"26,94",,,636166,"26,94",-
Senato,08000000000,circoscrizione,LI,,25-20180304000000-11366-0.png,MOVIMENTO 5 STELLE,,636166,"26,94",,,636166,"26,94",4
Senato,08000000000,circoscrizione,TS,TOTALE SEGGI,,,,,,,,,,4
Senato,08000000000,circoscrizione,XX,,,,,,,,,,,
Senato,08000000000,circoscrizione,CU,CANDIDATI UNINOMINALI,,,,111791,"4,73",,,111791,"4,73",-
Senato,08000000000,circoscrizione,LI,,25-20180304000000-11393-0.png,LIBERI E UGUALI,,111791,"4,73",,,111791,"4,73",1
Senato,08000000000,circoscrizione,TS,TOTALE SEGGI,,,,,,,,,,1
Senato,08000000000,circoscrizione,XX,,,,,,,,,,,
Senato,08000000000,circoscrizione,CU,CANDIDATI UNINOMINALI,,,,26275,"1,11",,,26275,"1,11",-
Senato,08000000000,circoscrizione,LI,,25-20180304000000-11372-0.png,POTERE AL POPOLO!,,26275,"1,11",,,26275,"1,11",-
Senato,08000000000,circoscrizione,XX,,,,,,,,,,,
Senato,08000000000,circoscrizione,CU,CANDIDATI UNINOMINALI,,,,21375,"0,90",,,21375,"0,90",-
Senato,08000000000,circoscrizione,LI,,25-20180304000000-11023-0.png,PARTITO COMUNISTA,,21375,"0,90",,,21375,"0,90",-
Senato,08000000000,circoscrizione,XX,,,,,,,,,,,
Senato,08000000000,circoscrizione,CU,CANDIDATI UNINOMINALI,,,,16465,"0,69",,,16465,"0,69",-
Senato,08000000000,circoscrizione,LI,,25-20180304000000-11277-0.png,IL POPOLO DELLA FAMIGLIA,,16465,"0,69",,,16465,"0,69",-
Senato,08000000000,circoscrizione,XX,,,,,,,,,,,
Senato,08000000000,circoscrizione,CU,CANDIDATI UNINOMINALI,,,,14212,"0,60",,,14212,"0,60",-
Senato,08000000000,circoscrizione,LI,,25-20180304000000-11003-0.png,CASAPOUND ITALIA,,14212,"0,60",,,14212,"0,60",-
Senato,08000000000,circoscrizione,XX,,,,,,,,,,,
Senato,08000000000,circoscrizione,CU,CANDIDATI UNINOMINALI,,,,11549,"0,48",,,11549,"0,48",-
Senato,08000000000,circoscrizione,LI,,25-20180304000000-11388-0.png,ITALIA AGLI ITALIANI,,11549,"0,48",,,11549,"0,48",-
Senato,08000000000,circoscrizione,XX,,,,,,,,,,,
Senato,08000000000,circoscrizione,CU,CANDIDATI UNINOMINALI,,,,6366,"0,26",,,6366,"0,26",-
Senato,08000000000,circoscrizione,LI,,25-20180304000000-11418-0.png,PARTITO REPUBBLICANO ITALIANO - ALA,,6366,"0,26",,,6366,"0,26",-
Senato,08000000000,circoscrizione,XX,,,,,,,,,,,
Senato,08000000000,circoscrizione,CU,CANDIDATI UNINOMINALI,,,,4460,"0,18",,,4460,"0,18",-
Senato,08000000000,circoscrizione,LI,,25-20180304000000-11389-0.png,DESTRE UNITE - FORCONI,,4460,"0,18",,,4460,"0,18",-
Senato,08000000000,circoscrizione,XX,,,,,,,,,,,
Senato,08000000000,circoscrizione,CU,CANDIDATI UNINOMINALI,,,,4326,"0,18",,,4326,"0,18",-
Senato,08000000000,circoscrizione,LI,,25-20180304000000-11377-0.png,PER UNA SINISTRA RIVOLUZIONARIA,,4326,"0,18",,,4326,"0,18",-
Senato,08000000000,circoscrizione,XX,,,,,,,,,,,
Senato,08000000000,circoscrizione,TU,Uninominale,,,,2360577,"100,00",,,2360577,"100,00",22
Senato,08000000000,circoscrizione,TP,Proporzionale,,,,2360577,"100,00",,,2360577,"100,00",22
Senato,09000000000,circoscrizione,CU,CANDIDATI UNINOMINALI,,,,679520,"34,18",,,679520,"34,18",3
Senato,09000000000,circoscrizione,LI,,25-20180304000000-3456-0.png,PARTITO DEMOCRATICO,,607142,"30,54",,,607142,"30,54",4
Senato,09000000000,circoscrizione,LI,,25-20180304000000-11403-0.png,+EUROPA,,51992,"2,61",,,51992,"2,61",-
Senato,09000000000,circoscrizione,LI,,25-20180304000000-11373-0.png,ITALIA EUROPA INSIEME,,12601,"0,63",,,12601,"0,63",-
Senato,09000000000,circoscrizione,LI,,25-20180304000000-11412-0.png,CIVICA POPOLARE LORENZIN,,7785,"0,39",,,7785,"0,39",-
Senato,09000000000,circoscrizione,TS,TOTALE SEGGI,,,,,,,,,,7
Senato,09000000000,circoscrizione,XX,,,,,,,,,,,
Senato,09000000000,circoscrizione,CU,CANDIDATI UNINOMINALI,,,,641005,"32,24",,,641005,"32,24",4
Senato,09000000000,circoscrizione,LI,,25-20180304000000-11367-0.png,LEGA,,349958,"17,60",,,349958,"17,60",2
Senato,09000000000,circoscrizione,LI,,25-20180304000000-1112-0.png,FORZA ITALIA,,201535,"10,13",,,201535,"10,13",1
Senato,09000000000,circoscrizione,LI,,25-20180304000000-11434-0.png,FRATELLI D'ITALIA CON GIORGIA MELONI,,78256,"3,93",,,78256,"3,93",1
Senato,09000000000,circoscrizione,LI,,25-20180304000000-11402-0.png,NOI CON L'ITALIA - UDC,,11256,"0,56",,,11256,"0,56",-
Senato,09000000000,circoscrizione,TS,TOTALE SEGGI,,,,,,,,,,8
Senato,09000000000,circoscrizione,XX,,,,,,,,,,,
Senato,09000000000,circoscrizione,CU,CANDIDATI UNINOMINALI,,,,484366,"24,36",,,484366,"24,36",-
Senato,09000000000,circoscrizione,LI,,25-20180304000000-11366-0.png,MOVIMENTO 5 STELLE,,484366,"24,36",,,484366,"24,36",3
Senato,09000000000,circoscrizione,TS,TOTALE SEGGI,,,,,,,,,,3
Senato,09000000000,circoscrizione,XX,,,,,,,,,,,
Senato,09000000000,circoscrizione,CU,CANDIDATI UNINOMINALI,,,,89503,"4,50",,,89503,"4,50",-
Senato,09000000000,circoscrizione,LI,,25-20180304000000-11393-0.png,LIBERI E UGUALI,,89503,"4,50",,,89503,"4,50",-
Senato,09000000000,circoscrizione,XX,,,,,,,,,,,
Senato,09000000000,circoscrizione,CU,CANDIDATI UNINOMINALI,,,,35317,"1,77",,,35317,"1,77",-
Senato,09000000000,circoscrizione,LI,,25-20180304000000-11372-0.png,POTERE AL POPOLO!,,35317,"1,77",,,35317,"1,77",-
Senato,09000000000,circoscrizione,XX,,,,,,,,,,,
Senato,09000000000,circoscrizione,CU,CANDIDATI UNINOMINALI,,,,19052,"0,95",,,19052,"0,95",-
Senato,09000000000,circoscrizione,LI,,25-20180304000000-11023-0.png,PARTITO COMUNISTA,,19052,"0,95",,,19052,"0,95",-
Senato,09000000000,circoscrizione,XX,,,,,,,,,,,
Senato,09000000000,circoscrizione,CU,CANDIDATI UNINOMINALI,,,,16952,"0,85",,,16952,"0,85",-
Senato,09000000000,circoscrizione,LI,,25-20180304000000-11003-0.png,CASAPOUND ITALIA,,16952,"0,85",,,16952,"0,85",-
Senato,09000000000,circoscrizione,XX,,,,,,,,,,,
Senato,09000000000,circoscrizione,CU,CANDIDATI UNINOMINALI,,,,10037,"0,50",,,10037,"0,50",-
Senato,09000000000,circoscrizione,LI,,25-20180304000000-11277-0.png,IL POPOLO DELLA FAMIGLIA,,10037,"0,50",,,10037,"0,50",-
Senato,09000000000,circoscrizione,XX,,,,,,,,,,,
Senato,09000000000,circoscrizione,CU,CANDIDATI UNINOMINALI,,,,8618,"0,43",,,8618,"0,43",-
Senato,09000000000,circoscrizione,LI,,25-20180304000000-11388-0.png,ITALIA AGLI ITALIANI,,8618,"0,43",,,8618,"0,43",-
Senato,09000000000,circoscrizione,XX,,,,,,,,,,,
Senato,09000000000,circoscrizione,CU,CANDIDATI UNINOMINALI,,,,3406,"0,17",,,3406,"0,17",-
Senato,09000000000,circoscrizione,LI,,25-20180304000000-11377-0.png,PER UNA SINISTRA RIVOLUZIONARIA,,3406,"0,17",,,3406,"0,17",-
Senato,09000000000,circoscrizione,XX,,,,,,,,,,,
Senato,09000000000,circoscrizione,TU,Uninominale,,,,1987776,"100,00",,,1987776,"100,00",18
Senato,09000000000,circoscrizione,TP,Proporzionale,,,,1987776,"100,00",,,1987776,"100,00",18
Senato,11000000000,circoscrizione,CU,CANDIDATI UNINOMINALI,,,,289374,"35,22",,,289374,"35,22",3
Senato,11000000000,circoscrizione,LI,,25-20180304000000-11366-0.png,MOVIMENTO 5 STELLE,,289374,"35,22",,,289374,"35,22",2
Senato,11000000000,circoscrizione,TS,TOTALE SEGGI,,,,,,,,,,5
Senato,11000000000,circoscrizione,XX,,,,,,,,,,,
Senato,11000000000,circoscrizione,CU,CANDIDATI UNINOMINALI,,,,270962,"32,98",,,270962,"32,98",-
Senato,11000000000,circoscrizione,LI,,25-20180304000000-11367-0.png,LEGA,,144623,"17,60",,,144623,"17,60",1
Senato,11000000000,circoscrizione,LI,,25-20180304000000-1112-0.png,FORZA ITALIA,,81358,"9,90",,,81358,"9,90",1
Senato,11000000000,circoscrizione,LI,,25-20180304000000-11434-0.png,FRATELLI D'ITALIA CON GIORGIA MELONI,,37758,"4,59",,,37758,"4,59",-
Senato,11000000000,circoscrizione,LI,,25-20180304000000-11402-0.png,NOI CON L'ITALIA - UDC,,7223,"0,87",,,7223,"0,87",-
Senato,11000000000,circoscrizione,TS,TOTALE SEGGI,,,,,,,,,,2
Senato,11000000000,circoscrizione,XX,,,,,,,,,,,
Senato,11000000000,circoscrizione,CU,CANDIDATI UNINOMINALI,,,,201544,"24,53",,,201544,"24,53",-
Senato,11000000000,circoscrizione,LI,,25-20180304000000-3456-0.png,PARTITO DEMOCRATICO,,180032,"21,91",,,180032,"21,91",1
Senato,11000000000,circoscrizione,LI,,25-20180304000000-11403-0.png,+EUROPA,,14430,"1,75",,,14430,"1,75",-
Senato,11000000000,circoscrizione,LI,,25-20180304000000-11373-0.png,ITALIA EUROPA INSIEME,,4126,"0,50",,,4126,"0,50",-
Senato,11000000000,circoscrizione,LI,,25-20180304000000-11412-0.png,CIVICA POPOLARE LORENZIN,,2956,"0,35",,,2956,"0,35",-
Senato,11000000000,circoscrizione,TS,TOTALE SEGGI,,,,,,,,,,1
Senato,11000000000,circoscrizione,XX,,,,,,,,,,,
Senato,11000000000,circoscrizione,CU,CANDIDATI UNINOMINALI,,,,23117,"2,81",,,23117,"2,81",-
Senato,11000000000,circoscrizione,LI,,25-20180304000000-11393-0.png,LIBERI E UGUALI,,23117,"2,81",,,23117,"2,81",-
Senato,11000000000,circoscrizione,XX,,,,,,,,,,,
Senato,11000000000,circoscrizione,CU,CANDIDATI UNINOMINALI,,,,7684,"0,93",,,7684,"0,93",-
Senato,11000000000,circoscrizione,LI,,25-20180304000000-11372-0.png,POTERE AL POPOLO!,,7684,"0,93",,,7684,"0,93",-
Senato,11000000000,circoscrizione,XX,,,,,,,,,,,
Senato,11000000000,circoscrizione,CU,CANDIDATI UNINOMINALI,,,,7669,"0,93",,,7669,"0,93",-
Senato,11000000000,circoscrizione,LI,,25-20180304000000-11003-0.png,CASAPOUND ITALIA,,7669,"0,93",,,7669,"0,93",-
Senato,11000000000,circoscrizione,XX,,,,,,,,,,,
Senato,11000000000,circoscrizione,CU,CANDIDATI UNINOMINALI,,,,7066,"0,86",,,7066,"0,86",-
Senato,11000000000,circoscrizione,LI,,25-20180304000000-11277-0.png,IL POPOLO DELLA FAMIGLIA,,7066,"0,86",,,7066,"0,86",-
Senato,11000000000,circoscrizione,XX,,,,,,,,,,,
Senato,11000000000,circoscrizione,CU,CANDIDATI UNINOMINALI,,,,5683,"0,69",,,5683,"0,69",-
Senato,11000000000,circoscrizione,LI,,25-20180304000000-11023-0.png,PARTITO COMUNISTA,,5683,"0,69",,,5683,"0,69",-
Senato,11000000000,circoscrizione,XX,,,,,,,,,,,
Senato,11000000000,circoscrizione,CU,CANDIDATI UNINOMINALI,,,,4546,"0,55",,,4546,"0,55",-
Senato,11000000000,circoscrizione,LI,,25-20180304000000-11388-0.png,ITALIA AGLI ITALIANI,,4546,"0,55",,,4546,"0,55",-
Senato,11000000000,circoscrizione,XX,,,,,,,,,,,
Senato,11000000000,circoscrizione,CU,CANDIDATI UNINOMINALI,,,,2137,"0,26",,,2137,"0,26",-
Senato,11000000000,circoscrizione,LI,,25-20180304000000-11381-0.png,PARTITO VALORE UMANO,,2137,"0,26",,,2137,"0,26",-
Senato,11000000000,circoscrizione,XX,,,,,,,,,,,
Senato,11000000000,circoscrizione,CU,CANDIDATI UNINOMINALI,,,,874,"0,10",,,874,"0,10",-
Senato,11000000000,circoscrizione,LI,,25-20180304000000-11400-0.png,LISTA DEL POPOLO PER LA COSTITUZIONE,,874,"0,10",,,874,"0,10",-
Senato,11000000000,circoscrizione,XX,,,,,,,,,,,
Senato,11000000000,circoscrizione,CU,CANDIDATI UNINOMINALI,,,,871,"0,10",,,871,"0,10",-
Senato,11000000000,circoscrizione,LI,,25-20180304000000-11377-0.png,PER UNA SINISTRA RIVOLUZIONARIA,,871,"0,10",,,871,"0,10",-
Senato,11000000000,circoscrizione,XX,,,,,,,,,,,
Senato,11000000000,circoscrizione,TU,Uninominale,,,,821527,"100,00",,,821527,"100,00",8
Senato,11000000000,circoscrizione,TP,Proporzionale,,,,821527,"100,00",,,821527,"100,00",8
Senato,12000000000,circoscrizione,CU,CANDIDATI UNINOMINALI,,,,1016891,"35,78",,,1016891,"35,78",6
Senato,12000000000,circoscrizione,LI,,25-20180304000000-1112-0.png,FORZA ITALIA,,389951,"13,88",,,389951,"13,88",3
Senato,12000000000,circoscrizione,LI,,25-20180304000000-11367-0.png,LEGA,,387698,"13,80",,,387698,"13,80",3
Senato,12000000000,circoscrizione,LI,,25-20180304000000-11434-0.png,FRATELLI D'ITALIA CON GIORGIA MELONI,,213012,"7,58",,,213012,"7,58",1
Senato,12000000000,circoscrizione,LI,,25-20180304000000-11402-0.png,NOI CON L'ITALIA - UDC,,21268,"0,75",,,21268,"0,75",-
Senato,12000000000,circoscrizione,TS,TOTALE SEGGI,,,,,,,,,,13
Senato,12000000000,circoscrizione,XX,,,,,,,,,,,
Senato,12000000000,circoscrizione,CU,CANDIDATI UNINOMINALI,,,,933783,"32,86",,,933783,"32,86",3
Senato,12000000000,circoscrizione,LI,,25-20180304000000-11366-0.png,MOVIMENTO 5 STELLE,,922823,"32,86",,,922823,"32,86",6
Senato,12000000000,circoscrizione,TS,TOTALE SEGGI,,,,,,,,,,9
Senato,12000000000,circoscrizione,XX,,,,,,,,,,,
Senato,12000000000,circoscrizione,CU,CANDIDATI UNINOMINALI,,,,647764,"22,79",,,647764,"22,79",1
Senato,12000000000,circoscrizione,LI,,25-20180304000000-3456-0.png,PARTITO DEMOCRATICO,,521395,"18,56",,,521395,"18,56",4
Senato,12000000000,circoscrizione,LI,,25-20180304000000-11403-0.png,+EUROPA,,85448,"3,04",,,85448,"3,04",-
Senato,12000000000,circoscrizione,LI,,25-20180304000000-11373-0.png,ITALIA EUROPA INSIEME,,16182,"0,57",,,16182,"0,57",-
Senato,12000000000,circoscrizione,LI,,25-20180304000000-11412-0.png,CIVICA POPOLARE LORENZIN,,12117,"0,43",,,12117,"0,43",-
Senato,12000000000,circoscrizione,TS,TOTALE SEGGI,,,,,,,,,,5
Senato,12000000000,circoscrizione,XX,,,,,,,,,,,
Senato,12000000000,circoscrizione,CU,CANDIDATI UNINOMINALI,,,,102760,"3,61",,,102760,"3,61",-
Senato,12000000000,circoscrizione,LI,,25-20180304000000-11393-0.png,LIBERI E UGUALI,,100563,"3,58",,,100563,"3,58",1
Senato,12000000000,circoscrizione,TS,TOTALE SEGGI,,,,,,,,,,1
Senato,12000000000,circoscrizione,XX,,,,,,,,,,,
Senato,12000000000,circoscrizione,CU,CANDIDATI UNINOMINALI,,,,42522,"1,49",,,42522,"1,49",-
Senato,12000000000,circoscrizione,LI,,25-20180304000000-11372-0.png,POTERE AL POPOLO!,,41738,"1,48",,,41738,"1,48",-
Senato,12000000000,circoscrizione,XX,,,,,,,,,,,
Senato,12000000000,circoscrizione,CU,CANDIDATI UNINOMINALI,,,,41513,"1,46",,,41513,"1,46",-
Senato,12000000000,circoscrizione,LI,,25-20180304000000-11003-0.png,CASAPOUND ITALIA,,40950,"1,45",,,40950,"1,45",-
Senato,12000000000,circoscrizione,XX,,,,,,,,,,,
Senato,12000000000,circoscrizione,CU,CANDIDATI UNINOMINALI,,,,15825,"0,55",,,15825,"0,55",-
Senato,12000000000,circoscrizione,LI,,25-20180304000000-11023-0.png,PARTITO COMUNISTA,,15591,"0,55",,,15591,"0,55",-
Senato,12000000000,circoscrizione,XX,,,,,,,,,,,
Senato,12000000000,circoscrizione,CU,CANDIDATI UNINOMINALI,,,,14745,"0,51",,,14745,"0,51",-
Senato,12000000000,circoscrizione,LI,,25-20180304000000-11277-0.png,IL POPOLO DELLA FAMIGLIA,,14425,"0,51",,,14425,"0,51",-
Senato,12000000000,circoscrizione,XX,,,,,,,,,,,
Senato,12000000000,circoscrizione,CU,CANDIDATI UNINOMINALI,,,,11927,"0,41",,,11927,"0,41",-
Senato,12000000000,circoscrizione,LI,,25-20180304000000-11388-0.png,ITALIA AGLI ITALIANI,,11802,"0,42",,,11802,"0,42",-
Senato,12000000000,circoscrizione,XX,,,,,,,,,,,
Senato,12000000000,circoscrizione,CU,CANDIDATI UNINOMINALI,,,,5518,"0,19",,,5518,"0,19",-
Senato,12000000000,circoscrizione,LI,,25-20180304000000-3142-0.png,DEMOCRAZIA CRISTIANA,,5407,"0,19",,,5407,"0,19",-
Senato,12000000000,circoscrizione,XX,,,,,,,,,,,
Senato,12000000000,circoscrizione,CU,CANDIDATI UNINOMINALI,,,,3378,"0,11",,,3378,"0,11",-
Senato,12000000000,circoscrizione,LI,,25-20180304000000-11377-0.png,PER UNA SINISTRA RIVOLUZIONARIA,,3296,"0,11",,,3296,"0,11",-
Senato,12000000000,circoscrizione,XX,,,,,,,,,,,
Senato,12000000000,circoscrizione,CU,CANDIDATI UNINOMINALI,,,,2407,"0,08",,,2407,"0,08",-
Senato,12000000000,circoscrizione,LI,,25-20180304000000-11418-0.png,PARTITO REPUBBLICANO ITALIANO - ALA,,2326,"0,08",,,2326,"0,08",-
Senato,12000000000,circoscrizione,XX,,,,,,,,,,,
Senato,12000000000,circoscrizione,CU,CANDIDATI UNINOMINALI,,,,2379,"0,08",,,2379,"0,08",-
Senato,12000000000,circoscrizione,LI,,25-20180304000000-11400-0.png,LISTA DEL POPOLO PER LA COSTITUZIONE,,2319,"0,08",,,2319,"0,08",-
Senato,12000000000,circoscrizione,XX,,,,,,,,,,,
Senato,12000000000,circoscrizione,TU,Uninominale,,,,2841412,"100,00",,,2841412,"100,00",28
Senato,12000000000,circoscrizione,TP,Proporzionale,,,,2808311,"100,00",,,2808311,"100,00",28
Senato,13000000000,circoscrizione,CU,CANDIDATI UNINOMINALI,,,,274185,"39,29",,,274185,"39,29",1
Senato,13000000000,circoscrizione,LI,,25-20180304000000-11366-0.png,MOVIMENTO 5 STELLE,,274185,"39,29",,,274185,"39,29",2
Senato,13000000000,circoscrizione,TS,TOTALE SEGGI,,,,,,,,,,3
Senato,13000000000,circoscrizione,XX,,,,,,,,,,,
Senato,13000000000,circoscrizione,CU,CANDIDATI UNINOMINALI,,,,253889,"36,38",,,253889,"36,38",1
Senato,13000000000,circoscrizione,LI,,25-20180304000000-1112-0.png,FORZA ITALIA,,110665,"15,86",,,110665,"15,86",1
Senato,13000000000,circoscrizione,LI,,25-20180304000000-11367-0.png,LEGA,,97196,"13,93",,,97196,"13,93",1
Senato,13000000000,circoscrizione,LI,,25-20180304000000-11434-0.png,FRATELLI D'ITALIA CON GIORGIA MELONI,,33157,"4,75",,,33157,"4,75",-
Senato,13000000000,circoscrizione,LI,,25-20180304000000-11402-0.png,NOI CON L'ITALIA - UDC,,12871,"1,84",,,12871,"1,84",-
Senato,13000000000,circoscrizione,TS,TOTALE SEGGI,,,,,,,,,,3
Senato,13000000000,circoscrizione,XX,,,,,,,,,,,
Senato,13000000000,circoscrizione,CU,CANDIDATI UNINOMINALI,,,,123052,"17,63",,,123052,"17,63",-
Senato,13000000000,circoscrizione,LI,,25-20180304000000-3456-0.png,PARTITO DEMOCRATICO,,97531,"13,97",,,97531,"13,97",1
Senato,13000000000,circoscrizione,LI,,25-20180304000000-11403-0.png,+EUROPA,,11606,"1,66",,,11606,"1,66",-
Senato,13000000000,circoscrizione,LI,,25-20180304000000-11412-0.png,CIVICA POPOLARE LORENZIN,,10740,"1,53",,,10740,"1,53",-
Senato,13000000000,circoscrizione,LI,,25-20180304000000-11373-0.png,ITALIA EUROPA INSIEME,,3175,"0,45",,,3175,"0,45",-
Senato,13000000000,circoscrizione,TS,TOTALE SEGGI,,,,,,,,,,1
Senato,13000000000,circoscrizione,XX,,,,,,,,,,,
Senato,13000000000,circoscrizione,CU,CANDIDATI UNINOMINALI,,,,17826,"2,55",,,17826,"2,55",-
Senato,13000000000,circoscrizione,LI,,25-20180304000000-11393-0.png,LIBERI E UGUALI,,17826,"2,55",,,17826,"2,55",-
Senato,13000000000,circoscrizione,XX,,,,,,,,,,,
Senato,13000000000,circoscrizione,CU,CANDIDATI UNINOMINALI,,,,8211,"1,17",,,8211,"1,17",-
Senato,13000000000,circoscrizione,LI,,25-20180304000000-11372-0.png,POTERE AL POPOLO!,,8211,"1,17",,,8211,"1,17",-
Senato,13000000000,circoscrizione,XX,,,,,,,,,,,
Senato,13000000000,circoscrizione,CU,CANDIDATI UNINOMINALI,,,,6442,"0,92",,,6442,"0,92",-
Senato,13000000000,circoscrizione,LI,,25-20180304000000-11003-0.png,CASAPOUND ITALIA,,6442,"0,92",,,6442,"0,92",-
Senato,13000000000,circoscrizione,XX,,,,,,,,,,,
Senato,13000000000,circoscrizione,CU,CANDIDATI UNINOMINALI,,,,5325,"0,76",,,5325,"0,76",-
Senato,13000000000,circoscrizione,LI,,25-20180304000000-11277-0.png,IL POPOLO DELLA FAMIGLIA,,5325,"0,76",,,5325,"0,76",-
Senato,13000000000,circoscrizione,XX,,,,,,,,,,,
Senato,13000000000,circoscrizione,CU,CANDIDATI UNINOMINALI,,,,4358,"0,62",,,4358,"0,62",-
Senato,13000000000,circoscrizione,LI,,25-20180304000000-11023-0.png,PARTITO COMUNISTA,,4358,"0,62",,,4358,"0,62",-
Senato,13000000000,circoscrizione,XX,,,,,,,,,,,
Senato,13000000000,circoscrizione,CU,CANDIDATI UNINOMINALI,,,,3215,"0,46",,,3215,"0,46",-
Senato,13000000000,circoscrizione,LI,,25-20180304000000-11388-0.png,ITALIA AGLI ITALIANI,,3215,"0,46",,,3215,"0,46",-
Senato,13000000000,circoscrizione,XX,,,,,,,,,,,
Senato,13000000000,circoscrizione,CU,CANDIDATI UNINOMINALI,,,,1214,"0,17",,,1214,"0,17",-
Senato,13000000000,circoscrizione,LI,,25-20180304000000-11381-0.png,PARTITO VALORE UMANO,,1214,"0,17",,,1214,"0,17",-
Senato,13000000000,circoscrizione,XX,,,,,,,,,,,
Senato,13000000000,circoscrizione,TU,Uninominale,,,,697717,"100,00",,,697717,"100,00",7
Senato,13000000000,circoscrizione,TP,Proporzionale,,,,697717,"100,00",,,697717,"100,00",7
Senato,14000000000,circoscrizione,CU,CANDIDATI UNINOMINALI,,,,71067,"44,49",,,71067,"44,49",1
Senato,14000000000,circoscrizione,LI,,25-20180304000000-11366-0.png,MOVIMENTO 5 STELLE,,71067,"44,49",,,71067,"44,49",1
Senato,14000000000,circoscrizione,TS,TOTALE SEGGI,,,,,,,,,,2
Senato,14000000000,circoscrizione,XX,,,,,,,,,,,
Senato,14000000000,circoscrizione,CU,CANDIDATI UNINOMINALI,,,,49294,"30,86",,,49294,"30,86",-
Senato,14000000000,circoscrizione,LI,,25-20180304000000-1112-0.png,FORZA ITALIA,,25265,"15,81",,,25265,"15,81",-
Senato,14000000000,circoscrizione,LI,,25-20180304000000-11367-0.png,LEGA,,13374,"8,37",,,13374,"8,37",-
Senato,14000000000,circoscrizione,LI,,25-20180304000000-11402-0.png,NOI CON L'ITALIA - UDC,,6233,"3,90",,,6233,"3,90",-
Senato,14000000000,circoscrizione,LI,,25-20180304000000-11434-0.png,FRATELLI D'ITALIA CON GIORGIA MELONI,,4422,"2,76",,,4422,"2,76",-
Senato,14000000000,circoscrizione,XX,,,,,,,,,,,
Senato,14000000000,circoscrizione,CU,CANDIDATI UNINOMINALI,,,,28212,"17,66",,,28212,"17,66",-
Senato,14000000000,circoscrizione,LI,,25-20180304000000-3456-0.png,PARTITO DEMOCRATICO,,24076,"15,07",,,24076,"15,07",-
Senato,14000000000,circoscrizione,LI,,25-20180304000000-11403-0.png,+EUROPA,,1472,"0,92",,,1472,"0,92",-
Senato,14000000000,circoscrizione,LI,,25-20180304000000-11373-0.png,ITALIA EUROPA INSIEME,,1350,"0,84",,,1350,"0,84",-
Senato,14000000000,circoscrizione,LI,,25-20180304000000-11412-0.png,CIVICA POPOLARE LORENZIN,,1314,"0,82",,,1314,"0,82",-
Senato,14000000000,circoscrizione,XX,,,,,,,,,,,
Senato,14000000000,circoscrizione,CU,CANDIDATI UNINOMINALI,,,,5962,"3,73",,,5962,"3,73",-
Senato,14000000000,circoscrizione,LI,,25-20180304000000-11393-0.png,LIBERI E UGUALI,,5962,"3,73",,,5962,"3,73",-
Senato,14000000000,circoscrizione,XX,,,,,,,,,,,
Senato,14000000000,circoscrizione,CU,CANDIDATI UNINOMINALI,,,,1847,"1,15",,,1847,"1,15",-
Senato,14000000000,circoscrizione,LI,,25-20180304000000-11372-0.png,POTERE AL POPOLO!,,1847,"1,15",,,1847,"1,15",-
Senato,14000000000,circoscrizione,XX,,,,,,,,,,,
Senato,14000000000,circoscrizione,CU,CANDIDATI UNINOMINALI,,,,1427,"0,89",,,1427,"0,89",-
Senato,14000000000,circoscrizione,LI,,25-20180304000000-11003-0.png,CASAPOUND ITALIA,,1427,"0,89",,,1427,"0,89",-
Senato,14000000000,circoscrizione,XX,,,,,,,,,,,
Senato,14000000000,circoscrizione,CU,CANDIDATI UNINOMINALI,,,,1216,"0,76",,,1216,"0,76",-
Senato,14000000000,circoscrizione,LI,,25-20180304000000-11023-0.png,PARTITO COMUNISTA,,1216,"0,76",,,1216,"0,76",-
Senato,14000000000,circoscrizione,XX,,,,,,,,,,,
Senato,14000000000,circoscrizione,CU,CANDIDATI UNINOMINALI,,,,608,"0,38",,,608,"0,38",-
Senato,14000000000,circoscrizione,LI,,25-20180304000000-11381-0.png,PARTITO VALORE UMANO,,608,"0,38",,,608,"0,38",-
Senato,14000000000,circoscrizione,XX,,,,,,,,,,,
Senato,14000000000,circoscrizione,CU,CANDIDATI UNINOMINALI,,,,86,"0,05",,,86,"0,05",-
Senato,14000000000,circoscrizione,LI,,25-20180304000000-11418-0.png,PARTITO REPUBBLICANO ITALIANO - ALA,,86,"0,05",,,86,"0,05",-
Senato,14000000000,circoscrizione,XX,,,,,,,,,,,
Senato,14000000000,circoscrizione,TU,Uninominale,,,,159719,"100,00",,,159719,"100,00",2
Senato,14000000000,circoscrizione,TP,Proporzionale,,,,159719,"100,00",,,159719,"100,00",2
Senato,15000000000,circoscrizione,CU,CANDIDATI UNINOMINALI,,,,1306465,"48,74",,,1306465,"48,74",11
Senato,15000000000,circoscrizione,LI,,25-20180304000000-11366-0.png,MOVIMENTO 5 STELLE,,1306465,"48,74",,,1306465,"48,74",9
Senato,15000000000,circoscrizione,TS,TOTALE SEGGI,,,,,,,,,,20
Senato,15000000000,circoscrizione,XX,,,,,,,,,,,
Senato,15000000000,circoscrizione,CU,CANDIDATI UNINOMINALI,,,,777859,"29,02",,,777859,"29,02",-
Senato,15000000000,circoscrizione,LI,,25-20180304000000-1112-0.png,FORZA ITALIA,,530333,"19,78",,,530333,"19,78",4
Senato,15000000000,circoscrizione,LI,,25-20180304000000-11367-0.png,LEGA,,123006,"4,58",,,123006,"4,58",1
Senato,15000000000,circoscrizione,LI,,25-20180304000000-11434-0.png,FRATELLI D'ITALIA CON GIORGIA MELONI,,88784,"3,31",,,88784,"3,31",1
Senato,15000000000,circoscrizione,LI,,25-20180304000000-11402-0.png,NOI CON L'ITALIA - UDC,,35736,"1,33",,,35736,"1,33",-
Senato,15000000000,circoscrizione,TS,TOTALE SEGGI,,,,,,,,,,6
Senato,15000000000,circoscrizione,XX,,,,,,,,,,,
Senato,15000000000,circoscrizione,CU,CANDIDATI UNINOMINALI,,,,433686,"16,18",,,433686,"16,18",-
Senato,15000000000,circoscrizione,LI,,25-20180304000000-3456-0.png,PARTITO DEMOCRATICO,,369151,"13,77",,,369151,"13,77",3
Senato,15000000000,circoscrizione,LI,,25-20180304000000-11403-0.png,+EUROPA,,29514,"1,10",,,29514,"1,10",-
Senato,15000000000,circoscrizione,LI,,25-20180304000000-11412-0.png,CIVICA POPOLARE LORENZIN,,20199,"0,75",,,20199,"0,75",-
Senato,15000000000,circoscrizione,LI,,25-20180304000000-11373-0.png,ITALIA EUROPA INSIEME,,14822,"0,55",,,14822,"0,55",-
Senato,15000000000,circoscrizione,TS,TOTALE SEGGI,,,,,,,,,,3
Senato,15000000000,circoscrizione,XX,,,,,,,,,,,
Senato,15000000000,circoscrizione,CU,CANDIDATI UNINOMINALI,,,,68919,"2,57",,,68919,"2,57",-
Senato,15000000000,circoscrizione,LI,,25-20180304000000-11393-0.png,LIBERI E UGUALI,,68919,"2,57",,,68919,"2,57",-
Senato,15000000000,circoscrizione,XX,,,,,,,,,,,
Senato,15000000000,circoscrizione,CU,CANDIDATI UNINOMINALI,,,,36957,"1,37",,,36957,"1,37",-
Senato,15000000000,circoscrizione,LI,,25-20180304000000-11372-0.png,POTERE AL POPOLO!,,36957,"1,37",,,36957,"1,37",-
Senato,15000000000,circoscrizione,XX,,,,,,,,,,,
Senato,15000000000,circoscrizione,CU,CANDIDATI UNINOMINALI,,,,15529,"0,57",,,15529,"0,57",-
Senato,15000000000,circoscrizione,LI,,25-20180304000000-11277-0.png,IL POPOLO DELLA FAMIGLIA,,15529,"0,57",,,15529,"0,57",-
Senato,15000000000,circoscrizione,XX,,,,,,,,,,,
Senato,15000000000,circoscrizione,CU,CANDIDATI UNINOMINALI,,,,13315,"0,49",,,13315,"0,49",-
Senato,15000000000,circoscrizione,LI,,25-20180304000000-11003-0.png,CASAPOUND ITALIA,,13315,"0,49",,,13315,"0,49",-
Senato,15000000000,circoscrizione,XX,,,,,,,,,,,
Senato,15000000000,circoscrizione,CU,CANDIDATI UNINOMINALI,,,,11432,"0,42",,,11432,"0,42",-
Senato,15000000000,circoscrizione,LI,,25-20180304000000-11388-0.png,ITALIA AGLI ITALIANI,,11432,"0,42",,,11432,"0,42",-
Senato,15000000000,circoscrizione,XX,,,,,,,,,,,
Senato,15000000000,circoscrizione,CU,CANDIDATI UNINOMINALI,,,,5480,"0,20",,,5480,"0,20",-
Senato,15000000000,circoscrizione,LI,,25-20180304000000-11023-0.png,PARTITO COMUNISTA,,5480,"0,20",,,5480,"0,20",-
Senato,15000000000,circoscrizione,XX,,,,,,,,,,,
Senato,15000000000,circoscrizione,CU,CANDIDATI UNINOMINALI,,,,4205,"0,15",,,4205,"0,15",-
Senato,15000000000,circoscrizione,LI,,25-20180304000000-11418-0.png,PARTITO REPUBBLICANO ITALIANO - ALA,,4205,"0,15",,,4205,"0,15",-
Senato,15000000000,circoscrizione,XX,,,,,,,,,,,
Senato,15000000000,circoscrizione,CU,CANDIDATI UNINOMINALI,,,,3378,"0,12",,,3378,"0,12",-
Senato,15000000000,circoscrizione,LI,,25-20180304000000-11377-0.png,PER UNA SINISTRA RIVOLUZIONARIA,,3378,"0,12",,,3378,"0,12",-
Senato,15000000000,circoscrizione,XX,,,,,,,,,,,
Senato,15000000000,circoscrizione,CU,CANDIDATI UNINOMINALI,,,,3046,"0,11",,,3046,"0,11",-
Senato,15000000000,circoscrizione,LI,,25-20180304000000-11381-0.png,PARTITO VALORE UMANO,,3046,"0,11",,,3046,"0,11",-
Senato,15000000000,circoscrizione,XX,,,,,,,,,,,
Senato,15000000000,circoscrizione,TU,Uninominale,,,,2680271,"100,00",,,2680271,"100,00",29
Senato,15000000000,circoscrizione,TP,Proporzionale,,,,2680271,"100,00",,,2680271,"100,00",29
Senato,16000000000,circoscrizione,CU,CANDIDATI UNINOMINALI,,,,873237,"44,11",,,873237,"44,11",8
Senato,16000000000,circoscrizione,LI,,25-20180304000000-11366-0.png,MOVIMENTO 5 STELLE,,873237,"44,11",,,873237,"44,11",6
Senato,16000000000,circoscrizione,TS,TOTALE SEGGI,,,,,,,,,,14
Senato,16000000000,circoscrizione,XX,,,,,,,,,,,
Senato,16000000000,circoscrizione,CU,CANDIDATI UNINOMINALI,,,,650914,"32,88",,,650914,"32,88",-
Senato,16000000000,circoscrizione,LI,,25-20180304000000-1112-0.png,FORZA ITALIA,,385450,"19,47",,,385450,"19,47",3
Senato,16000000000,circoscrizione,LI,,25-20180304000000-11367-0.png,LEGA,,130548,"6,59",,,130548,"6,59",1
Senato,16000000000,circoscrizione,LI,,25-20180304000000-11434-0.png,FRATELLI D'ITALIA CON GIORGIA MELONI,,75251,"3,80",,,75251,"3,80",-
Senato,16000000000,circoscrizione,LI,,25-20180304000000-11402-0.png,NOI CON L'ITALIA - UDC,,59665,"3,01",,,59665,"3,01",-
Senato,16000000000,circoscrizione,TS,TOTALE SEGGI,,,,,,,,,,4
Senato,16000000000,circoscrizione,XX,,,,,,,,,,,
Senato,16000000000,circoscrizione,CU,CANDIDATI UNINOMINALI,,,,327744,"16,55",,,327744,"16,55",-
Senato,16000000000,circoscrizione,LI,,25-20180304000000-3456-0.png,PARTITO DEMOCRATICO,,281639,"14,22",,,281639,"14,22",2
Senato,16000000000,circoscrizione,LI,,25-20180304000000-11403-0.png,+EUROPA,,22567,"1,13",,,22567,"1,13",-
Senato,16000000000,circoscrizione,LI,,25-20180304000000-11373-0.png,ITALIA EUROPA INSIEME,,12269,"0,61",,,12269,"0,61",-
Senato,16000000000,circoscrizione,LI,,25-20180304000000-11412-0.png,CIVICA POPOLARE LORENZIN,,11269,"0,56",,,11269,"0,56",-
Senato,16000000000,circoscrizione,TS,TOTALE SEGGI,,,,,,,,,,2
Senato,16000000000,circoscrizione,XX,,,,,,,,,,,
Senato,16000000000,circoscrizione,CU,CANDIDATI UNINOMINALI,,,,60269,"3,04",,,60269,"3,04",-
Senato,16000000000,circoscrizione,LI,,25-20180304000000-11393-0.png,LIBERI E UGUALI,,60269,"3,04",,,60269,"3,04",-
Senato,16000000000,circoscrizione,XX,,,,,,,,,,,
Senato,16000000000,circoscrizione,CU,CANDIDATI UNINOMINALI,,,,18404,"0,92",,,18404,"0,92",-
Senato,16000000000,circoscrizione,LI,,25-20180304000000-11372-0.png,POTERE AL POPOLO!,,18404,"0,92",,,18404,"0,92",-
Senato,16000000000,circoscrizione,XX,,,,,,,,,,,
Senato,16000000000,circoscrizione,CU,CANDIDATI UNINOMINALI,,,,13601,"0,68",,,13601,"0,68",-
Senato,16000000000,circoscrizione,LI,,25-20180304000000-11003-0.png,CASAPOUND ITALIA,,13601,"0,68",,,13601,"0,68",-
Senato,16000000000,circoscrizione,XX,,,,,,,,,,,
Senato,16000000000,circoscrizione,CU,CANDIDATI UNINOMINALI,,,,12094,"0,61",,,12094,"0,61",-
Senato,16000000000,circoscrizione,LI,,25-20180304000000-11277-0.png,IL POPOLO DELLA FAMIGLIA,,12094,"0,61",,,12094,"0,61",-
Senato,16000000000,circoscrizione,XX,,,,,,,,,,,
Senato,16000000000,circoscrizione,CU,CANDIDATI UNINOMINALI,,,,11753,"0,59",,,11753,"0,59",-
Senato,16000000000,circoscrizione,LI,,25-20180304000000-11388-0.png,ITALIA AGLI ITALIANI,,11753,"0,59",,,11753,"0,59",-
Senato,16000000000,circoscrizione,XX,,,,,,,,,,,
Senato,16000000000,circoscrizione,CU,CANDIDATI UNINOMINALI,,,,7585,"0,38",,,7585,"0,38",-
Senato,16000000000,circoscrizione,LI,,25-20180304000000-11023-0.png,PARTITO COMUNISTA,,7585,"0,38",,,7585,"0,38",-
Senato,16000000000,circoscrizione,XX,,,,,,,,,,,
Senato,16000000000,circoscrizione,CU,CANDIDATI UNINOMINALI,,,,2269,"0,11",,,2269,"0,11",-
Senato,16000000000,circoscrizione,LI,,25-20180304000000-11418-0.png,PARTITO REPUBBLICANO ITALIANO - ALA,,2269,"0,11",,,2269,"0,11",-
Senato,16000000000,circoscrizione,XX,,,,,,,,,,,
Senato,16000000000,circoscrizione,CU,CANDIDATI UNINOMINALI,,,,1741,"0,08",,,1741,"0,08",-
Senato,16000000000,circoscrizione,LI,,25-20180304000000-11400-0.png,LISTA DEL POPOLO PER LA COSTITUZIONE,,1741,"0,08",,,1741,"0,08",-
Senato,16000000000,circoscrizione,XX,,,,,,,,,,,
Senato,16000000000,circoscrizione,TU,Uninominale,,,,1979611,"100,00",,,1979611,"100,00",20
Senato,16000000000,circoscrizione,TP,Proporzionale,,,,1979611,"100,00",,,1979611,"100,00",20
Senato,17000000000,circoscrizione,CU,CANDIDATI UNINOMINALI,,,,123118,"43,00",,,123118,"43,00",1
Senato,17000000000,circoscrizione,LI,,25-20180304000000-11366-0.png,MOVIMENTO 5 STELLE,,123118,"43,00",,,123118,"43,00",3
Senato,17000000000,circoscrizione,TS,TOTALE SEGGI,,,,,,,,,,4
Senato,17000000000,circoscrizione,XX,,,,,,,,,,,
Senato,17000000000,circoscrizione,CU,CANDIDATI UNINOMINALI,,,,74528,"26,03",,,74528,"26,03",-
Senato,17000000000,circoscrizione,LI,,25-20180304000000-1112-0.png,FORZA ITALIA,,36226,"12,65",,,36226,"12,65",1
Senato,17000000000,circoscrizione,LI,,25-20180304000000-11367-0.png,LEGA,,20591,"7,19",,,20591,"7,19",1
Senato,17000000000,circoscrizione,LI,,25-20180304000000-11434-0.png,FRATELLI D'ITALIA CON GIORGIA MELONI,,10628,"3,71",,,10628,"3,71",-
Senato,17000000000,circoscrizione,LI,,25-20180304000000-11402-0.png,NOI CON L'ITALIA - UDC,,7083,"2,47",,,7083,"2,47",-
Senato,17000000000,circoscrizione,TS,TOTALE SEGGI,,,,,,,,,,2
Senato,17000000000,circoscrizione,XX,,,,,,,,,,,
Senato,17000000000,circoscrizione,CU,CANDIDATI UNINOMINALI,,,,61203,"21,37",,,61203,"21,37",-
Senato,17000000000,circoscrizione,LI,,25-20180304000000-3456-0.png,PARTITO DEMOCRATICO,,49406,"17,25",,,49406,"17,25",1
Senato,17000000000,circoscrizione,LI,,25-20180304000000-11412-0.png,CIVICA POPOLARE LORENZIN,,4163,"1,45",,,4163,"1,45",-
Senato,17000000000,circoscrizione,LI,,25-20180304000000-11403-0.png,+EUROPA,,3975,"1,38",,,3975,"1,38",-
Senato,17000000000,circoscrizione,LI,,25-20180304000000-11373-0.png,ITALIA EUROPA INSIEME,,3659,"1,27",,,3659,"1,27",-
Senato,17000000000,circoscrizione,TS,TOTALE SEGGI,,,,,,,,,,1
Senato,17000000000,circoscrizione,XX,,,,,,,,,,,
Senato,17000000000,circoscrizione,CU,CANDIDATI UNINOMINALI,,,,16305,"5,69",,,16305,"5,69",-
Senato,17000000000,circoscrizione,LI,,25-20180304000000-11393-0.png,LIBERI E UGUALI,,16305,"5,69",,,16305,"5,69",-
Senato,17000000000,circoscrizione,XX,,,,,,,,,,,
Senato,17000000000,circoscrizione,CU,CANDIDATI UNINOMINALI,,,,3554,"1,24",,,3554,"1,24",-
Senato,17000000000,circoscrizione,LI,,25-20180304000000-11372-0.png,POTERE AL POPOLO!,,3554,"1,24",,,3554,"1,24",-
Senato,17000000000,circoscrizione,XX,,,,,,,,,,,
Senato,17000000000,circoscrizione,CU,CANDIDATI UNINOMINALI,,,,1831,"0,63",,,1831,"0,63",-
Senato,17000000000,circoscrizione,LI,,25-20180304000000-11277-0.png,IL POPOLO DELLA FAMIGLIA,,1831,"0,63",,,1831,"0,63",-
Senato,17000000000,circoscrizione,XX,,,,,,,,,,,
Senato,17000000000,circoscrizione,CU,CANDIDATI UNINOMINALI,,,,1674,"0,58",,,1674,"0,58",-
Senato,17000000000,circoscrizione,LI,,25-20180304000000-11003-0.png,CASAPOUND ITALIA,,1674,"0,58",,,1674,"0,58",-
Senato,17000000000,circoscrizione,XX,,,,,,,,,,,
Senato,17000000000,circoscrizione,CU,CANDIDATI UNINOMINALI,,,,1520,"0,53",,,1520,"0,53",-
Senato,17000000000,circoscrizione,LI,,25-20180304000000-11023-0.png,PARTITO COMUNISTA,,1520,"0,53",,,1520,"0,53",-
Senato,17000000000,circoscrizione,XX,,,,,,,,,,,
Senato,17000000000,circoscrizione,CU,CANDIDATI UNINOMINALI,,,,1384,"0,48",,,1384,"0,48",-
Senato,17000000000,circoscrizione,LI,,25-20180304000000-11382-0.png,SMS - STATO MODERNO SOLIDALE,,1384,"0,48",,,1384,"0,48",-
Senato,17000000000,circoscrizione,XX,,,,,,,,,,,
Senato,17000000000,circoscrizione,CU,CANDIDATI UNINOMINALI,,,,1192,"0,41",,,1192,"0,41",-
Senato,17000000000,circoscrizione,LI,,25-20180304000000-11400-0.png,LISTA DEL POPOLO PER LA COSTITUZIONE,,1192,"0,41",,,1192,"0,41",-
Senato,17000000000,circoscrizione,XX,,,,,,,,,,,
Senato,17000000000,circoscrizione,TU,Uninominale,,,,286309,"100,00",,,286309,"100,00",7
Senato,17000000000,circoscrizione,TP,Proporzionale,,,,286309,"100,00",,,286309,"100,00",7
Senato,18000000000,circoscrizione,CU,CANDIDATI UNINOMINALI,,,,369365,"43,56",,,369365,"43,56",3
Senato,18000000000,circoscrizione,LI,,25-20180304000000-11366-0.png,MOVIMENTO 5 STELLE,,369365,"43,56",,,369365,"43,56",3
Senato,18000000000,circoscrizione,TS,TOTALE SEGGI,,,,,,,,,,6
Senato,18000000000,circoscrizione,XX,,,,,,,,,,,
Senato,18000000000,circoscrizione,CU,CANDIDATI UNINOMINALI,,,,279706,"32,99",,,279706,"32,99",1
Senato,18000000000,circoscrizione,LI,,25-20180304000000-1112-0.png,FORZA ITALIA,,181849,"21,44",,,181849,"21,44",1
Senato,18000000000,circoscrizione,LI,,25-20180304000000-11367-0.png,LEGA,,49797,"5,87",,,49797,"5,87",1
Senato,18000000000,circoscrizione,LI,,25-20180304000000-11434-0.png,FRATELLI D'ITALIA CON GIORGIA MELONI,,34863,"4,11",,,34863,"4,11",-
Senato,18000000000,circoscrizione,LI,,25-20180304000000-11402-0.png,NOI CON L'ITALIA - UDC,,13197,"1,55",,,13197,"1,55",-
Senato,18000000000,circoscrizione,TS,TOTALE SEGGI,,,,,,,,,,3
Senato,18000000000,circoscrizione,XX,,,,,,,,,,,
Senato,18000000000,circoscrizione,CU,CANDIDATI UNINOMINALI,,,,139812,"16,49",,,139812,"16,49",-
Senato,18000000000,circoscrizione,LI,,25-20180304000000-3456-0.png,PARTITO DEMOCRATICO,,123206,"14,53",,,123206,"14,53",1
Senato,18000000000,circoscrizione,LI,,25-20180304000000-11403-0.png,+EUROPA,,6870,"0,81",,,6870,"0,81",-
Senato,18000000000,circoscrizione,LI,,25-20180304000000-11373-0.png,ITALIA EUROPA INSIEME,,5438,"0,64",,,5438,"0,64",-
Senato,18000000000,circoscrizione,LI,,25-20180304000000-11412-0.png,CIVICA POPOLARE LORENZIN,,4298,"0,50",,,4298,"0,50",-
Senato,18000000000,circoscrizione,TS,TOTALE SEGGI,,,,,,,,,,1
Senato,18000000000,circoscrizione,XX,,,,,,,,,,,
Senato,18000000000,circoscrizione,CU,CANDIDATI UNINOMINALI,,,,23101,"2,72",,,23101,"2,72",-
Senato,18000000000,circoscrizione,LI,,25-20180304000000-11393-0.png,LIBERI E UGUALI,,23101,"2,72",,,23101,"2,72",-
Senato,18000000000,circoscrizione,XX,,,,,,,,,,,
Senato,18000000000,circoscrizione,CU,CANDIDATI UNINOMINALI,,,,8692,"1,02",,,8692,"1,02",-
Senato,18000000000,circoscrizione,LI,,25-20180304000000-11372-0.png,POTERE AL POPOLO!,,8692,"1,02",,,8692,"1,02",-
Senato,18000000000,circoscrizione,XX,,,,,,,,,,,
Senato,18000000000,circoscrizione,CU,CANDIDATI UNINOMINALI,,,,5872,"0,69",,,5872,"0,69",-
Senato,18000000000,circoscrizione,LI,,25-20180304000000-11003-0.png,CASAPOUND ITALIA,,5872,"0,69",,,5872,"0,69",-
Senato,18000000000,circoscrizione,XX,,,,,,,,,,,
Senato,18000000000,circoscrizione,CU,CANDIDATI UNINOMINALI,,,,5187,"0,61",,,5187,"0,61",-
Senato,18000000000,circoscrizione,LI,,25-20180304000000-11277-0.png,IL POPOLO DELLA FAMIGLIA,,5187,"0,61",,,5187,"0,61",-
Senato,18000000000,circoscrizione,XX,,,,,,,,,,,
Senato,18000000000,circoscrizione,CU,CANDIDATI UNINOMINALI,,,,4612,"0,54",,,4612,"0,54",-
Senato,18000000000,circoscrizione,LI,,25-20180304000000-11023-0.png,PARTITO COMUNISTA,,4612,"0,54",,,4612,"0,54",-
Senato,18000000000,circoscrizione,XX,,,,,,,,,,,
Senato,18000000000,circoscrizione,CU,CANDIDATI UNINOMINALI,,,,4103,"0,48",,,4103,"0,48",-
Senato,18000000000,circoscrizione,LI,,25-20180304000000-11388-0.png,ITALIA AGLI ITALIANI,,4103,"0,48",,,4103,"0,48",-
Senato,18000000000,circoscrizione,XX,,,,,,,,,,,
Senato,18000000000,circoscrizione,CU,CANDIDATI UNINOMINALI,,,,2922,"0,34",,,2922,"0,34",-
Senato,18000000000,circoscrizione,LI,,25-20180304000000-11381-0.png,PARTITO VALORE UMANO,,2922,"0,34",,,2922,"0,34",-
Senato,18000000000,circoscrizione,XX,,,,,,,,,,,
Senato,18000000000,circoscrizione,CU,CANDIDATI UNINOMINALI,,,,1769,"0,20",,,1769,"0,20",-
Senato,18000000000,circoscrizione,LI,,25-20180304000000-11389-0.png,DESTRE UNITE - FORCONI,,1769,"0,20",,,1769,"0,20",-
Senato,18000000000,circoscrizione,XX,,,,,,,,,,,
Senato,18000000000,circoscrizione,CU,CANDIDATI UNINOMINALI,,,,1371,"0,16",,,1371,"0,16",-
Senato,18000000000,circoscrizione,LI,,25-20180304000000-11377-0.png,PER UNA SINISTRA RIVOLUZIONARIA,,1371,"0,16",,,1371,"0,16",-
Senato,18000000000,circoscrizione,XX,,,,,,,,,,,
Senato,18000000000,circoscrizione,CU,CANDIDATI UNINOMINALI,,,,1272,"0,15",,,1272,"0,15",-
Senato,18000000000,circoscrizione,LI,,25-20180304000000-11400-0.png,LISTA DEL POPOLO PER LA COSTITUZIONE,,1272,"0,15",,,1272,"0,15",-
Senato,18000000000,circoscrizione,XX,,,,,,,,,,,
Senato,18000000000,circoscrizione,TU,Uninominale,,,,847784,"100,00",,,847784,"100,00",10
Senato,18000000000,circoscrizione,TP,Proporzionale,,,,847784,"100,00",,,847784,"100,00",10
Senato,19000000000,circoscrizione,CU,CANDIDATI UNINOMINALI,,,,1055015,"48,08",,,1055015,"48,08",9
Senato,19000000000,circoscrizione,LI,,25-20180304000000-11366-0.png,MOVIMENTO 5 STELLE,,1055015,"48,08",,,1055015,"48,08",8
Senato,19000000000,circoscrizione,TS,TOTALE SEGGI,,,,,,,,,,17
Senato,19000000000,circoscrizione,XX,,,,,,,,,,,
Senato,19000000000,circoscrizione,CU,CANDIDATI UNINOMINALI,,,,704178,"32,09",,,704178,"32,09",-
Senato,19000000000,circoscrizione,LI,,25-20180304000000-1112-0.png,FORZA ITALIA,,453117,"20,65",,,453117,"20,65",3
Senato,19000000000,circoscrizione,LI,,25-20180304000000-11367-0.png,LEGA,,119512,"5,44",,,119512,"5,44",1
Senato,19000000000,circoscrizione,LI,,25-20180304000000-11434-0.png,FRATELLI D'ITALIA CON GIORGIA MELONI,,83189,"3,79",,,83189,"3,79",1
Senato,19000000000,circoscrizione,LI,,25-20180304000000-11402-0.png,NOI CON L'ITALIA - UDC,,48360,"2,20",,,48360,"2,20",-
Senato,19000000000,circoscrizione,TS,TOTALE SEGGI,,,,,,,,,,5
Senato,19000000000,circoscrizione,XX,,,,,,,,,,,
Senato,19000000000,circoscrizione,CU,CANDIDATI UNINOMINALI,,,,300101,"13,67",,,300101,"13,67",-
Senato,19000000000,circoscrizione,LI,,25-20180304000000-3456-0.png,PARTITO DEMOCRATICO,,255196,"11,63",,,255196,"11,63",2
Senato,19000000000,circoscrizione,LI,,25-20180304000000-11403-0.png,+EUROPA,,25246,"1,15",,,25246,"1,15",-
Senato,19000000000,circoscrizione,LI,,25-20180304000000-11412-0.png,CIVICA POPOLARE LORENZIN,,12925,"0,58",,,12925,"0,58",-
Senato,19000000000,circoscrizione,LI,,25-20180304000000-11373-0.png,ITALIA EUROPA INSIEME,,6734,"0,30",,,6734,"0,30",-
Senato,19000000000,circoscrizione,TS,TOTALE SEGGI,,,,,,,,,,2
Senato,19000000000,circoscrizione,XX,,,,,,,,,,,
Senato,19000000000,circoscrizione,CU,CANDIDATI UNINOMINALI,,,,64975,"2,96",,,64975,"2,96",-
Senato,19000000000,circoscrizione,LI,,25-20180304000000-11393-0.png,LIBERI E UGUALI,,64975,"2,96",,,64975,"2,96",1
Senato,19000000000,circoscrizione,TS,TOTALE SEGGI,,,,,,,,,,1
Senato,19000000000,circoscrizione,XX,,,,,,,,,,,
Senato,19000000000,circoscrizione,CU,CANDIDATI UNINOMINALI,,,,22542,"1,02",,,22542,"1,02",-
Senato,19000000000,circoscrizione,LI,,25-20180304000000-11277-0.png,IL POPOLO DELLA FAMIGLIA,,22542,"1,02",,,22542,"1,02",-
Senato,19000000000,circoscrizione,XX,,,,,,,,,,,
Senato,19000000000,circoscrizione,CU,CANDIDATI UNINOMINALI,,,,15666,"0,71",,,15666,"0,71",-
Senato,19000000000,circoscrizione,LI,,25-20180304000000-11372-0.png,POTERE AL POPOLO!,,15666,"0,71",,,15666,"0,71",-
Senato,19000000000,circoscrizione,XX,,,,,,,,,,,
Senato,19000000000,circoscrizione,CU,CANDIDATI UNINOMINALI,,,,12569,"0,57",,,12569,"0,57",-
Senato,19000000000,circoscrizione,LI,,25-20180304000000-11388-0.png,ITALIA AGLI ITALIANI,,12569,"0,57",,,12569,"0,57",-
Senato,19000000000,circoscrizione,XX,,,,,,,,,,,
Senato,19000000000,circoscrizione,CU,CANDIDATI UNINOMINALI,,,,10895,"0,49",,,10895,"0,49",-
Senato,19000000000,circoscrizione,LI,,25-20180304000000-11003-0.png,CASAPOUND ITALIA,,10895,"0,49",,,10895,"0,49",-
Senato,19000000000,circoscrizione,XX,,,,,,,,,,,
Senato,19000000000,circoscrizione,CU,CANDIDATI UNINOMINALI,,,,3753,"0,17",,,3753,"0,17",-
Senato,19000000000,circoscrizione,LI,,25-20180304000000-11381-0.png,PARTITO VALORE UMANO,,3753,"0,17",,,3753,"0,17",-
Senato,19000000000,circoscrizione,XX,,,,,,,,,,,
Senato,19000000000,circoscrizione,CU,CANDIDATI UNINOMINALI,,,,2498,"0,11",,,2498,"0,11",-
Senato,19000000000,circoscrizione,LI,,25-20180304000000-11418-0.png,PARTITO REPUBBLICANO ITALIANO - ALA,,2498,"0,11",,,2498,"0,11",-
Senato,19000000000,circoscrizione,XX,,,,,,,,,,,
Senato,19000000000,circoscrizione,CU,CANDIDATI UNINOMINALI,,,,1863,"0,08",,,1863,"0,08",-
Senato,19000000000,circoscrizione,LI,,25-20180304000000-11400-0.png,LISTA DEL POPOLO PER LA COSTITUZIONE,,1863,"0,08",,,1863,"0,08",-
Senato,19000000000,circoscrizione,XX,,,,,,,,,,,
Senato,19000000000,circoscrizione,TU,Uninominale,,,,2194055,"100,00",,,2194055,"100,00",25
Senato,19000000000,circoscrizione,TP,Proporzionale,,,,2194055,"100,00",,,2194055,"100,00",25
